Player_num,Player,mu.hat.i,V.hat.i,N,mu.hat.MLE.i,p_val,stroke_category
25804,Bubba Watson,0.08788780648199969,9.424513235437593e-5,1008,0.09174603174603174,1.3891701866622217e-19,Driving
10423,Mike Weir,-0.1626358765454511,4.3194332100979834e-4,396,-0.2046338383838384,5.063043439168315e-15,Driving
32839,Hideki Matsuyama,0.05096785742493552,5.9727894061050555e-5,1260,0.05231507936507938,4.2556169644666756e-11,Driving
34256,Andrew Putnam,-0.0792078820964388,1.4641399992374547e-4,972,-0.085298353909465,5.909203864634864e-11,Driving
28089,Jason Day,0.0663797092356878,1.072589035862243e-4,1026,0.06966666666666667,1.4607515040012989e-10,Driving
34265,Will Wilcox,0.057609747259250915,9.139568245869747e-5,738,0.05999864498644986,1.6800947196685502e-9,Driving
02239,Scott Verplank,-0.10125002315329454,3.0980014252892014e-4,396,-0.1190050505050505,8.794913998693309e-9,Driving
28237,Rory McIlroy,0.06464702875800414,1.3060050190093005e-4,612,0.0685833333333333,1.5415904863499797e-8,Driving
30925,Dustin Johnson,0.056940729449140456,1.0859537022216999e-4,972,0.05976748971193415,4.653030409799359e-8,Driving
33948,Byeong Hun An,0.09173463452651531,2.8868374098241375e-4,180,0.10538888888888889,6.697231694214221e-8,Driving
27214,Kevin Streelman,0.04109311651752287,5.9936925533055005e-5,1314,0.042161339421613375,1.1090201967264672e-7,Driving
25900,Lucas Glover,0.04302678853247503,6.647001149226071e-5,1296,0.044277006172839514,1.30977190976143e-7,Driving
23983,Luke Donald,-0.05166347476135183,1.0305297949727915e-4,972,-0.054469135802469135,3.594924142540596e-7,Driving
30110,Kyle Stanley,0.05338337604385383,1.1083459946491201e-4,540,0.05607777777777776,3.9634442459369023e-7,Driving
31557,Jim Herman,0.036746877168988376,5.3788172475925815e-5,1386,0.03759090909090909,5.43018947214893e-7,Driving
22621,Ben Curtis,-0.09337587532164698,3.706510891068117e-4,396,-0.11370202020202021,1.2338984816173964e-6,Driving
24846,Ricky Barnes,-0.051450366380454124,1.179817240436501e-4,1134,-0.05467372134038803,2.1716533110286035e-6,Driving
28307,Matt Every,-0.06295011590196192,1.798916731830464e-4,1008,-0.06907242063492063,2.6865259813832326e-6,Driving
24024,Zach Johnson,0.03346241197239965,5.150200874539115e-5,1260,0.03418888888888888,3.119624152134573e-6,Driving
34431,Robert Streb,0.03133458218784435,4.5831539988204855e-5,1728,0.031932870370370375,3.682970473226831e-6,Driving
21528,Henrik Stenson,0.04212910236517411,8.5685903624846e-5,792,0.043718434343434365,5.333657661050364e-6,Driving
25240,D.A. Points,-0.04122503839031218,8.512160683483087e-5,1044,-0.04309099616858238,7.88480849121389e-6,Driving
40026,Daniel Berger,0.03197412610913252,5.811370289915523e-5,1494,0.03275502008032129,2.73716479143077e-5,Driving
24357,K.J. Choi,-0.03549648088200265,7.480134282166287e-5,1026,-0.03692105263157894,4.056817778555472e-5,Driving
23325,Vaughn Taylor,0.04184562667531439,1.0612498587751847e-4,630,0.04381904761904763,4.865147535367996e-5,Driving
22371,Aaron Baddeley,-0.04120400234601072,1.0770482340298234e-4,1188,-0.04359006734006736,7.178631396512886e-5,Driving
29420,Billy Horschel,0.03122382956605928,6.32669845381523e-5,1314,0.03205327245053272,8.654126043996992e-5,Driving
20766,Padraig Harrington,-0.04216048469743348,1.1723569035720857e-4,881,-0.04482519863791146,9.86786087671039e-5,Driving
26289,Boo Weekley,0.02991446293596312,6.36434037898526e-5,1206,0.03070895522388058,1.7699756124884243e-4,Driving
01948,Tim Petrovic,-0.06639755482923938,3.164276255970149e-4,342,-0.0785672514619883,1.8949118055504367e-4,Driving
21731,Freddie Jacobson,-0.03581651763854815,9.320057802094144e-5,738,-0.03762195121951219,2.0725822949556506e-4,Driving
33418,Shawn Stefani,0.02646875412740281,5.271893301556495e-5,1584,0.027036616161616154,2.669326076971296e-4,Driving
31646,Emiliano Grillo,0.052336664464451954,2.0876370434659116e-4,252,0.05755555555555555,2.920505116926182e-4,Driving
26679,Kevin Stadler,0.07172084475741555,3.9819956060349116e-4,144,0.08717361111111113,3.2546462148369683e-4,Driving
37273,Derek Ernst,0.02827961099127608,6.193433551024268e-5,1134,0.029003527336860666,3.263688982202615e-4,Driving
23800,Bryce Molder,-0.02570048253885381,5.1443134075731185e-5,1386,-0.026428571428571433,3.393406258514534e-4,Driving
21961,Charles Howell III,0.0243801515959039,4.6732422662586604e-5,1782,0.02483557800224467,3.6195053442734834e-4,Driving
25349,Tim Wilkinson,-0.035013486276406436,9.658033806291165e-5,1044,-0.036849616858237566,3.6692537008878984e-4,Driving
25818,Scott Piercy,0.02565690931637847,5.2074353201382505e-5,1494,0.026197456492637224,3.7735830144724146e-4,Driving
34409,David Lingmerth,0.02649664427795551,5.692990884446724e-5,1332,0.027111861861861854,4.452066379198971e-4,Driving
29221,Webb Simpson,0.027986621603381712,6.452228496077704e-5,1152,0.028732638888888898,4.937210268151666e-4,Driving
36699,Patrick Rodgers,0.03560521349563087,1.1910930145379296e-4,828,0.03746739130434781,0.0011046275713316705,Driving
31416,Derek Fathauer,-0.029951808656577365,8.526447359048791e-5,1188,-0.03135437710437711,0.0011799315971903917,Driving
46435,Austin Cook,0.03912463089411749,1.464624424612555e-4,378,0.04170370370370371,0.0012255690735552024,Driving
10585,Scott McCarron,-0.05474205805350661,2.983793466673831e-4,216,-0.06422222222222222,0.0015290871035807967,Driving
12510,Chad Campbell,0.02033822299863098,4.1560699476887885e-5,1638,0.020662393162393163,0.0016060916779569293,Driving
31193,Jim Renner,-0.028647378370159,8.321725866569443e-5,1007,-0.02996226415094339,0.0016874556667545318,Driving
28132,Tyrone Van Aswegen,-0.04089927394561304,1.7310592293832828e-4,756,-0.0448346560846561,0.0018799973746657856,Driving
22405,Justin Rose,0.033608536075814835,1.1942846271792826e-4,882,0.03535827664399096,0.0021025003962223225,Driving
07867,Woody Austin,-0.04315160842260028,1.996603323728826e-4,432,-0.0479837962962963,0.002259070526216434,Driving
22892,Jason Gore,0.026690558962869548,7.686310584406448e-5,1044,0.02753639846743295,0.0023316127332973675,Driving
29222,Billy Hurley III,-0.029975432798515392,9.89008392161614e-5,1133,-0.03161429832303619,0.002576967484249434,Driving
25572,Graeme McDowell,-0.041979093087390916,1.9782237490221735e-4,468,-0.04664316239316239,0.002838906180219624,Driving
33448,Justin Thomas,0.02430624550866996,6.697924278466524e-5,1728,0.024962962962962965,0.002978573356588259,Driving
10860,Justin Leonard,-0.026675737496557935,8.170729390104076e-5,971,-0.027887744593202878,0.003166297853661579,Driving
27895,Jonas Blixt,-0.03140522572558705,1.1601583611346207e-4,935,-0.03342566844919788,0.0035488816507780146,Driving
33141,Keegan Bradley,0.025848700416584536,7.912101412890886e-5,1151,0.02668809730668982,0.0036610352120135165,Driving
20593,Greg Chalmers,-0.033244787754930546,1.3245132241977147e-4,648,-0.03569135802469136,0.0038689543120143466,Driving
34262,Jon Curran,-0.022950930654637963,6.388139714007787e-5,1170,-0.023776068376068375,0.004084922297921193,Driving
28259,Sangmoon Bae,0.020528453792969123,5.299192714073684e-5,1584,0.020948863636363637,0.0048021439415436885,Driving
29720,Andres Gonzales,-0.029088595385006043,1.0662652562308215e-4,1368,-0.03081578947368421,0.004847131989493975,Driving
32334,Charlie Beljan,0.026642491233940423,9.210801021587485e-5,1025,0.027661463414634137,0.005502499283498085,Driving
26476,Chez Reavie,0.025329541720636457,8.364150385693253e-5,900,0.02619777777777779,0.005612586968231212,Driving
23541,Ben Crane,-0.02283522778036001,7.056724375578219e-5,936,-0.02374572649572649,0.006561038588337947,Driving
25364,Paul Casey,0.022843629599623393,7.101390792384564e-5,1134,0.023491181657848314,0.006712624578800548,Driving
30944,Jason Kokrak,0.021690344198303218,6.403425234209819e-5,1440,0.022236805555555555,0.00671681180974023,Driving
46970,Jon Rahm,0.052031563416513604,3.7416322451792e-4,144,0.062194444444444434,0.007147318003589507,Driving
29518,Brendan Steele,0.02145718877275767,6.595415644972099e-5,1368,0.02201315789473683,0.008239004583253154,Driving
29725,Tony Finau,0.021346065479597096,6.742528889919608e-5,1656,0.021911231884057976,0.00933326418612265,Driving
27141,J.B. Holmes,0.025493924729895798,9.684464956985962e-5,1188,0.02651346801346803,0.009581123529806657,Driving
40058,Zac Blair,-0.016806435305217988,4.247684507269167e-5,1584,-0.017225378787878783,0.009917515367382735,Driving
34358,Jonathan Randolph,-0.025140243483951497,9.624886760585591e-5,1008,-0.02650595238095239,0.01039078306778965,Driving
35541,John Peterson,0.019117446522162265,5.5663009415893154e-5,1385,0.019522021660649817,0.010395219495930497,Driving
30946,Alex Prugh,0.02060782164695933,6.470833982460962e-5,1296,0.02112654320987654,0.010411935087436191,Driving
06251,Chris DiMarco,-0.07934178138553423,9.707211882044358e-4,108,-0.14817592592592593,0.010878908326508688,Driving
07457,Steve Flesch,-0.05209669341469098,4.187392197952706e-4,198,-0.0656868686868687,0.010900190125492646,Driving
29478,Kevin Kisner,0.015297098328617021,3.675955317248854e-5,1692,0.015495271867612286,0.011634553011383567,Driving
33122,Russell Knox,0.017917005531882732,5.0771887084634284e-5,1566,0.01825606641123883,0.011919712377418214,Driving
22056,Cameron Percy,0.022537999707298178,8.038721952942707e-5,1044,0.02326245210727967,0.011945550737648332,Driving
29479,Scott Brown,0.016797486017581898,4.5251387671385815e-5,1458,0.017074759945130327,0.012522906650071537,Driving
06575,Dudley Hart,-0.04892737291619746,3.9237116571040306e-4,234,-0.060760683760683755,0.013509930051015666,Driving
33204,Shane Lowry,0.03375606879441513,1.8812335024919776e-4,414,0.036623188405797105,0.013850901710320518,Driving
26596,Ryan Moore,0.019317940526831487,6.341595717996555e-5,1097,0.019786690975387416,0.015273144071903786,Driving
27644,Brian Harman,0.02007744536724757,6.907296442627488e-5,1404,0.020614672364672376,0.015702258906592183,Driving
30852,Ryo Ishikawa,-0.022104057735290318,8.383455661814434e-5,1350,-0.02316296296296297,0.015772877549831553,Driving
28780,Nicholas Thompson,0.018733846515836972,6.0720835840559216e-5,1260,0.019165079365079375,0.016210973066308847,Driving
23320,Ryan Palmer,0.025442629074888305,1.1438307405458564e-4,972,0.02665432098765432,0.017363116964078464,Driving
22764,Michael Block,-0.04000946325489316,2.838002587000344e-4,234,-0.04670940170940171,0.017550843663372628,Driving
23048,Eric Axley,-0.028841808084566788,1.5962857838485933e-4,774,-0.03147674418604651,0.022442370094207627,Driving
23623,Bo Van Pelt,-0.02222586947680034,9.778485407608347e-5,1170,-0.023475213675213647,0.02460040615945625,Driving
24459,Richard Sterne,-0.03366371205788183,2.2593194519587308e-4,558,-0.038089605734767024,0.025115990000506915,Driving
01132,Mark Brooks,-0.06262465746765541,7.864091621108751e-4,54,-0.10114814814814815,0.02553797444207384,Driving
32139,Danny Willett,0.029330884828843905,1.7254905590723365e-4,360,0.03155277777777779,0.025555676202493664,Driving
21753,Brian Davis,-0.016706549177097296,5.6926573611228764e-5,1278,-0.01726917057902973,0.026810682473984375,Driving
35891,Cameron Smith,-0.03118847001623177,2.002463790783022e-4,486,-0.034804526748971186,0.02752429253789599,Driving
20645,John Senden,0.02143498571032318,9.610457424275147e-5,918,0.022255991285403055,0.028778423944933622,Driving
34046,Jordan Spieth,0.0195554131035658,8.161528394272759e-5,1188,0.020173400673400683,0.030416958534248518,Driving
23548,Bill Lunde,0.022948585023272933,1.1347378875181565e-4,648,0.024010802469135808,0.031215893472385174,Driving
33419,Cameron Tringale,-0.01567517132921178,5.3848300163638035e-5,1422,-0.016180028129395223,0.0326693730792883,Driving
23135,Tim Clark,0.022012097388899386,1.0723294354259352e-4,576,0.022963541666666667,0.03353014764958324,Driving
31289,Benjamin Alvarado,-0.048613308357163224,5.23916737608289e-4,180,-0.06559444444444444,0.033682606497945675,Driving
36689,Brooks Koepka,0.02300165208869796,1.1887533253837413e-4,1170,0.02412051282051284,0.034887363618122995,Driving
25369,Jamie Donaldson,-0.026442470266886207,1.5779163521228778e-4,576,-0.02885416666666666,0.03528795982458492,Driving
34264,Hudson Swafford,0.017418990735368418,6.892932191424509e-5,1494,0.017866800535475232,0.035898530755965455,Driving
21878,Mark Wilson,-0.01569176481600055,5.775575171500859e-5,1457,-0.0162347288949897,0.038943647711716295,Driving
33413,Ben Martin,0.015909797839140323,5.954389485860389e-5,1386,0.01625180375180376,0.03922700427915539,Driving
35539,Luke Guthrie,-0.018419901770298334,7.99428259856494e-5,1224,-0.019285130718954248,0.03938478391276239,Driving
27963,Chris Stroud,-0.01773462981869862,7.500110097521895e-5,1224,-0.018519607843137255,0.04057924458475011,Driving
29670,Pablo Larrazabal,-0.051073068502924264,6.440849230638261e-4,108,-0.07467592592592592,0.044174823042054064,Driving
24502,Adam Scott,0.02431366456459703,1.4693263930111092e-4,576,0.0258125,0.04487578945391989,Driving
26329,Louis Oosthuizen,0.020036948873177064,1.0192630995851553e-4,846,0.020840425531914897,0.04718113039349355,Driving
33667,Carlos Ortiz,0.01577237930062015,6.502749290473854e-5,1494,0.01614257028112449,0.05047584185165936,Driving
20070,Matt Bettencourt,-0.03795029720320104,3.938353048688906e-4,252,-0.047369047619047616,0.055836690821927056,Driving
46440,Smylie Kaufman,0.04630191214185688,5.878320228065428e-4,108,0.06229629629629631,0.056167796153278805,Driving
36326,David Lipsky,-0.04542996869132425,5.732101144278747e-4,144,-0.06343055555555553,0.05775982970710619,Driving
24511,Thongchai Jaidee,-0.04236154068729465,5.021824312490307e-4,252,-0.05651190476190476,0.05871188258259353,Driving
27796,Joe Affrunti,0.0439369724803406,5.493931229382059e-4,90,0.057711111111111116,0.06085971506855603,Driving
08931,Glen Day,-0.023383409508639545,1.5848478317719947e-4,288,-0.025562500000000002,0.06324903205140783,Driving
01388,Robert Gamez,-0.06289016296141019,0.0011599402904335847,72,-0.14156944444444444,0.06481002353395685,Driving
32640,Troy Merritt,-0.013974777987889939,5.91332478216736e-5,1476,-0.014482384823848244,0.06916963759992537,Driving
29289,Seung-Yul Noh,-0.020885375437850844,1.410224538424625e-4,972,-0.02263168724279835,0.07862408040233411,Driving
24358,Robert Garrigus,0.017871724559886136,1.0340405163221923e-4,990,0.018577777777777783,0.0788310017361619,Driving
24507,Jason Bohn,0.012235195409860641,4.8477209257279185e-5,1566,0.012427203065134102,0.07886931025316789,Driving
06527,Steve Stricker,-0.023107011847741898,1.7321470243418166e-4,504,-0.025482142857142856,0.07913888584367855,Driving
24138,Ian Poulter,-0.018045071720226256,1.0712271898709102e-4,864,-0.019200231481481485,0.08124921000247286,Driving
25396,Kevin Na,-0.013713686857137362,6.251409251942384e-5,1278,-0.014243348982785595,0.08283580732409858,Driving
32448,James Hahn,0.012645493614217906,5.329451473892234e-5,1404,0.012867521367521369,0.08324044640271039,Driving
25720,Chad Collins,-0.013655521506848883,6.301902202570549e-5,1134,-0.014187830687830675,0.08540075873274165,Driving
10944,Thomas Bjorn,-0.040641423833989596,5.806063705407106e-4,180,-0.057183333333333336,0.09166839591216928,Driving
23638,Brendon de Jonge,0.01094935245659223,4.319958727631099e-5,1656,0.01109359903381642,0.09573355615294632,Driving
29974,Branden Grace,0.019199474789197295,1.3385872154908756e-4,612,0.020215686274509804,0.09702373188074984,Driving
34579,Alexander Levy,-0.042606441893300054,6.657319767115193e-4,162,-0.0635493827160494,0.09867766007446162,Driving
27933,John Merrick,0.01493701612829748,8.183718102346916e-5,1044,0.015373563218390795,0.09870640495607967,Driving
29454,Bernd Wiesberger,0.019998441879032908,1.5085563490560626e-4,360,0.02121388888888889,0.10347641243688059,Driving
26951,Johnson Wagner,0.014401245512097139,7.8363564470201e-5,1026,0.014798245614035102,0.10377257899806128,Driving
01761,Len Mattiace,-0.03187621550224962,3.86500874227781e-4,126,-0.039746031746031744,0.10493080433333286,Driving
10809,Jim Furyk,0.01434542277248437,7.878700706496912e-5,936,0.014742521367521369,0.1060583598837098,Driving
34261,Scott Langley,-0.011864400588816671,5.506856822533061e-5,1422,-0.012280590717299571,0.10986523754653836,Driving
27095,Nick Watney,0.01226628500976787,6.0341501749502397e-5,1458,0.012507544581618653,0.11431699035708646,Driving
10885,Robert Allenby,-0.016920916348054257,1.1653886411975285e-4,917,-0.018118865866957486,0.11701393526633305,Driving
06332,Neal Lancaster,-0.04158110549985115,7.055676114256201e-4,144,-0.06388888888888888,0.1174879796591831,Driving
27466,Spencer Levin,0.010199196208054637,4.2744439512497485e-5,1494,0.010326639892904959,0.11875857828088968,Driving
25562,Andres Romero,-0.017570083134949205,1.2851251905440187e-4,972,-0.018940329218106997,0.12116773007650455,Driving
26758,David Hearn,-0.011155163243630556,5.1836516524398146e-5,1530,-0.011528758169934632,0.12129033002916788,Driving
39997,Corey Conners,-0.03898702351423598,6.339696190067952e-4,144,-0.056993055555555554,0.12152370992806805,Driving
27408,Martin Kaymer,-0.022161663618295427,2.0485661096461853e-4,504,-0.02491666666666667,0.12153099335289828,Driving
35532,Tom Hoge,0.013004124218519642,7.284641829741672e-5,1170,0.013323076923076915,0.1276033635151097,Driving
32493,Gary Stal,-0.03635481644034793,5.712983726564254e-4,144,-0.05097916666666667,0.1282587399197808,Driving
29223,Sam Saunders,0.014359198389863343,9.029633530488351e-5,1134,0.014817460317460304,0.13076126590712592,Driving
32200,Roberto Castro,0.015558186076436878,1.0744576648600856e-4,648,0.0161712962962963,0.13337020900974297,Driving
12716,Charley Hoffman,0.012428971771892864,6.913726929101889e-5,1368,0.01271198830409357,0.13497023931307955,Driving
24140,Sean O'Hair,0.011422821917783507,5.855268647646039e-5,1458,0.01163305898491083,0.1354910172072551,Driving
12652,Cameron Beckman,-0.025748524295652997,3.1081573834167067e-4,234,-0.030777777777777782,0.14415337095349737,Driving
30926,Chris Kirk,-0.01581845391908706,1.1907083194418769e-4,1008,-0.016979166666666646,0.1471578405306602,Driving
24663,Y.E. Yang,-0.03497036822398634,5.961950021378168e-4,180,-0.04994444444444444,0.15208435527976294,Driving
29476,Kyle Reifers,0.010062158603463269,5.041426491966294e-5,1440,0.010209722222222216,0.1564403950236798,Driving
28023,Byron Smith,0.013424922654012085,8.98121886598878e-5,774,0.01383979328165377,0.15660285246135397,Driving
26300,Matt Jones,0.01152895318078112,6.670374344475231e-5,1206,0.01177280265339967,0.15806478272936872,Driving
01706,Davis Love III,0.014740465909714387,1.1294831166033106e-4,756,0.015341269841269841,0.16544675102145617,Driving
27649,Brandt Snedeker,-0.011759468678399384,7.247581553031613e-5,1350,-0.012308148148148165,0.16718367620554345,Driving
22046,Geoff Ogilvy,0.015006782933972548,1.1924530408931588e-4,630,0.015658730158730174,0.16936289242753028,Driving
32102,Rickie Fowler,0.0145258577172504,1.1423740895813649e-4,1026,0.015121832358674476,0.17412858478053275,Driving
31560,Brian Stuard,-0.010721456196122114,6.306077747862824e-5,1422,-0.011165260196905773,0.17697575479390004,Driving
30736,Oscar Fraustro,0.015550032168634518,1.34577172418726e-4,720,0.01632777777777778,0.18010413065015454,Driving
31202,William McGirt,0.00829785497893119,3.9205279683944544e-5,1746,0.008379152348224526,0.18509254734367891,Driving
29926,Danny Lee,-0.009819189775336882,5.501226381682405e-5,1800,-0.01018111111111112,0.18554566178687237,Driving
10213,Dicky Pride,-0.03412326154848599,6.687427525160687e-4,108,-0.051361111111111114,0.18699023933812073,Driving
25198,Francesco Molinari,0.012847650550084553,9.559770228995468e-5,774,0.01326356589147287,0.18884149693866126,Driving
19970,Robert Karlsson,-0.050947683210764164,0.0015146641343711832,36,-0.18280555555555555,0.19050717053590258,Driving
29535,Brice Garnett,-0.011459113662090053,7.733503427741121e-5,1152,-0.012034722222222212,0.19255584279535945,Driving
27770,Camilo Villegas,-0.01109589917726098,7.390844182734526e-5,1332,-0.011632132132132152,0.19681786031880935,Driving
01577,Lee Janzen,-0.037105703345899986,8.389161361261533e-4,54,-0.06346296296296297,0.20016023977929165,Driving
27120,Troy Matteson,-0.026317242766027864,4.251152111386125e-4,252,-0.03379365079365082,0.20181387718026725,Driving
28679,Fabian Gomez,-0.0100929005508,6.364745782018885e-5,1242,-0.0105217391304348,0.20583484881890998,Driving
20376,Stephen Gallacher,-0.02297429402559774,3.339925366656674e-4,360,-0.027936111111111103,0.2087132693261735,Driving
30927,Brendon Todd,-0.008881268596260124,5.12979144112255e-5,1368,-0.009195175438596489,0.2149717347137844,Driving
36801,Mark Hubbard,0.010173431572236658,6.863912866203727e-5,1098,0.010379781420765028,0.2194647786044396,Driving
21209,Sergio Garcia,0.01434608109867239,1.376388768227832e-4,648,0.015060185185185163,0.2213974894123877,Driving
29910,Blake Adams,-0.015364021584792277,1.5789119526886803e-4,486,-0.016897119341563783,0.22143660172195404,Driving
34098,Russell Henley,0.011418364903459257,8.803664253151065e-5,1206,0.011738805970149244,0.22362382962114336,Driving
28500,Martin Flores,0.00929906131276676,5.8426687749064526e-5,1422,0.009449367088607597,0.22377172814997426,Driving
20157,Retief Goosen,-0.011879561380240787,9.646697592938934e-5,1080,-0.012624074074074062,0.2264652497366151,Driving
21350,Ryuji Imada,-0.034745964210870645,8.495931520871454e-4,90,-0.06011111111111112,0.23323691149126502,Driving
33461,Morgan Hoffmann,-0.01030195889650252,7.471737234379013e-5,1242,-0.010815619967793908,0.2333336092897513,Driving
33449,Zack Sucher,-0.015044822145684325,1.6752832976672083e-4,630,-0.01665238095238095,0.2450867946005848,Driving
20229,Stewart Cink,0.009306906044924873,6.431254413857197e-5,1188,0.009473063973063982,0.2458318765896921,Driving
25444,Justin Hicks,0.013917586000029928,1.4665643836541623e-4,432,0.01465046296296296,0.2504541804890848,Driving
20433,Mark Hensby,0.030727252099336706,7.210772503306777e-4,108,0.0442962962962963,0.2525069676584311,Driving
01249,John Daly,-0.025735695815587763,5.267836568627965e-4,252,-0.03539285714285714,0.262162441933093,Driving
01116,Michael Bradley,-0.03776388498936492,0.001163128451719051,72,-0.08715277777777776,0.26816696982933563,Driving
06567,Vijay Singh,0.008639800749224519,6.14123233741785e-5,1242,0.008778582930756845,0.27024726530910304,Driving
06522,Ernie Els,-0.013364447837562079,1.4820940570256662e-4,702,-0.014648148148148113,0.2723029701758686,Driving
26499,Rafa Cabrera Bello,0.021928190629909985,4.059880885551429e-4,108,0.026129629629629635,0.27646542992623857,Driving
23353,J.J. Henry,0.007857838112951326,5.2767875302070514e-5,1368,0.00795687134502926,0.27937318395748645,Driving
26331,Charl Schwartzel,0.01231230489306656,1.316747152817426e-4,738,0.012860433604336089,0.28328392459655694,Driving
32150,Michael Thompson,-0.008975155777211122,7.055046351825678e-5,1350,-0.009414074074074076,0.2852755826859802,Driving
35260,Kelvin Day,-0.02722832440223668,6.714449399673983e-4,108,-0.04142592592592592,0.2933552914162047,Driving
24924,Bill Haas,0.007949714029425507,6.13979421458629e-5,1277,0.008068128425998416,0.31031910987371036,Driving
24748,Wen-Chong Liang,-0.021087202723499912,4.323533511206876e-4,144,-0.02740277777777778,0.31051412010298296,Driving
20396,Lee Westwood,-0.01205631760969815,1.4701252803231963e-4,576,-0.013232638888888891,0.3200544741842853,Driving
32757,Patton Kizzire,0.021205124126118316,4.55420252419669e-4,108,0.02586111111111111,0.3203919420611842,Driving
23481,Marcel Siem,0.01680159842763538,2.8682363187255343e-4,288,0.018788194444444437,0.32116246792805964,Driving
31323,Gary Woodland,0.010567438394230569,1.1411692635307075e-4,972,0.010940329218107,0.3225535057757432,Driving
22293,Heath Slocum,-0.009990841778702412,1.0309488166337057e-4,702,-0.010693732193732203,0.32512840154992084,Driving
34360,Patrick Reed,-0.008070115625465734,6.782751686923245e-5,1368,-0.008461988304093579,0.32714100720653005,Driving
23108,Matt Kuchar,0.007398887226868491,6.119406435209131e-5,1386,0.007500721500721503,0.3442367751437189,Driving
28308,Troy Kelly,-0.017026869791898554,3.29710990070936e-4,270,-0.020833333333333322,0.3483939564900587,Driving
24781,Hunter Mahan,-0.008746689671729955,8.757775120483833e-5,1170,-0.009286324786324797,0.34997112844942924,Driving
01945,Kenny Perry,-0.013472532635076735,2.0970875461596462e-4,360,-0.015358333333333333,0.35219588313909617,Driving
39537,Chris Naegel,-0.024093810407048694,7.555798247663555e-4,108,-0.03933333333333334,0.3807435898646281,Driving
30978,Kiradech Aphibarnrat,-0.019294013496620573,5.004379060034544e-4,180,-0.026361111111111123,0.38842513191734446,Driving
09011,David Duval,-0.02670120450487568,9.980552863131848e-4,90,-0.05335555555555556,0.398005630130713,Driving
24399,Scott Gardiner,-0.024623439368890526,8.721763254655751e-4,90,-0.044188888888888875,0.40441027595157,Driving
24490,George McNeill,-0.006193516364816924,5.615042759568133e-5,1602,-0.006465667915106084,0.40850120447705124,Driving
47959,Bryson DeChambeau,0.02091279596524671,6.426051689046064e-4,108,0.028175925925925917,0.40938664143123876,Driving
21805,Harrison Frazar,0.01302112964933902,2.527565952645584e-4,306,0.014235294117647056,0.4127718743455893,Driving
24494,Erik Compton,-0.007026950962854034,7.410238168548842e-5,1260,-0.007419047619047617,0.4143274533910976,Driving
26881,Jarrod Lyle,-0.010977336098329118,1.8107433568372236e-4,378,-0.01235185185185187,0.41463085522201676,Driving
25191,Gonzalo Fdez-Castano,0.007012848710063188,7.774753159847916e-5,1134,0.007128747795414476,0.4264175193096947,Driving
29425,Andrew Svoboda,-0.00658827473334931,6.903803828045239e-5,1260,-0.006938095238095231,0.42782644717113266,Driving
25834,Daniel Summerhays,-0.005312629694263596,4.4979616200761793e-5,1602,-0.005510611735330833,0.42827933750339653,Driving
08075,Jerry Kelly,0.006091167982071559,5.987964784407782e-5,1188,0.0061531986531986604,0.4311903941390358,Driving
39977,Max Homa,-0.00715966054123644,8.453981277713929e-5,1116,-0.007614695340501794,0.4361653132640246,Driving
30911,Tommy Fleetwood,-0.014959202567936097,3.710074795686568e-4,144,-0.018909722222222217,0.4373739855567209,Driving
30692,Scott Stallings,-0.008144374013901107,1.1415618137982348e-4,882,-0.008823129251700704,0.4458997494398204,Driving
25493,Nick Taylor,0.006174941040974716,6.613113523583808e-5,1494,0.0062463186077643795,0.44765594159013256,Driving
19803,Ryan Armour,-0.008022535023128574,1.1320836072952217e-4,594,-0.00868855218855219,0.45084815323227057,Driving
46550,Brandon Hagy,-0.019072598120474023,6.460179844493806e-4,144,-0.02898611111111111,0.4530193153302487,Driving
01766,Billy Mayfair,0.01277415494365055,2.9182733705993187e-4,126,0.014166666666666676,0.45459769965315694,Driving
23788,D.J. Trahan,0.01519496746222914,4.1658675204269677e-4,144,0.017909722222222216,0.45659234430186707,Driving
21407,Arjun Atwal,-0.01263854693037372,2.933852359892702e-4,288,-0.015263888888888891,0.4605953459913403,Driving
27119,Koumei Oda,-0.015777719930727872,4.6893212087012524e-4,216,-0.021291666666666667,0.46624629151981056,Driving
01707,Steve Lowery,-0.01840958109060563,6.396803414224871e-4,72,-0.027902777777777787,0.466684361173208,Driving
01810,Phil Mickelson,-0.006575663492988005,8.650352299137183e-5,990,-0.007017171717171725,0.4795631707877472,Driving
23621,Rory Sabbatini,0.005910528688993033,7.082233649776725e-5,1188,0.005978114478114484,0.482473403775738,Driving
27064,Jhonattan Vegas,-0.0061667737301455494,8.256124393574283e-5,1296,-0.006570987654320982,0.4973358391673994,Driving
08725,Tom Gillis,0.007327129038202494,1.234642274478683e-4,666,0.0075345345345345415,0.5096249783684277,Driving
31559,Garrett Osborn,0.012194446702910424,3.575287561019e-4,144,0.013847222222222233,0.518978293366854,Driving
27330,Josh Teater,0.009522536675472223,2.2313947593333215e-4,396,0.01017171717171717,0.5238142542514934,Driving
22986,Soren Kjeldsen,0.012047011065762647,3.787012882673696e-4,108,0.013787037037037039,0.5358785471005137,Driving
20848,Angel Cabrera,0.007329264039573554,1.4123837237150707e-4,756,0.00756878306878307,0.5374231903398761,Driving
36836,Cory Whitsett,-0.011319399835058306,3.4024659918659774e-4,144,-0.01419444444444444,0.539441250785579,Driving
30750,Tommy Gainey,0.00818151166981308,1.7779719630149125e-4,396,0.008565656565656566,0.5394929918145996,Driving
27936,Martin Laird,0.005372580528909831,8.005355534184301e-5,1314,0.0054284627092846365,0.5481918445912213,Driving
28339,Victor Dubuisson,0.010468405701703565,3.147486405955891e-4,324,0.011592592592592607,0.5551482031974284,Driving
24912,Will MacKenzie,0.00734662494420161,1.5660094785410866e-4,666,0.0076156156156156115,0.5571559796216897,Driving
37454,Whee Kim,0.004859740333245814,6.934479980815923e-5,1007,0.004890764647467751,0.5594977507864548,Driving
30711,Colt Knost,0.004294328487237171,5.593417755916393e-5,1332,0.004304054054054048,0.5658383329306348,Driving
32366,Kevin Chappell,0.004814321232666648,7.074527708115213e-5,1350,0.004844444444444453,0.5670628763157066,Driving
46442,Maverick McNealy,-0.014209803487687035,6.203264358377003e-4,144,-0.02159027777777779,0.5683187781041701,Driving
08793,Tiger Woods,-0.009384524326452917,0.00027329251452609953,432,-0.01132870370370367,0.5702568884822198,Driving
33399,Adam Hadwin,0.004493210602933041,6.570772943804615e-5,1458,0.004510973936899875,0.5793703483375559,Driving
12782,Tim Herron,0.009622845115898363,3.3242272424205817e-4,198,0.010666666666666666,0.597647641036255,Driving
25632,Jimmy Walker,-0.004899379940350938,9.471320306160316e-5,1152,-0.0053072916666666225,0.6146646193267276,Driving
06214,Guy Boros,0.014723540745703126,8.697108041678857e-4,36,0.02208333333333333,0.6175978034213359,Driving
20850,Daniel Chopra,-0.013403404031164802,7.208884224841435e-4,90,-0.022177777777777775,0.6176332258786924,Driving
24461,Thomas Aiken,-0.012497697829055972,7.81664638230229e-4,144,-0.021916666666666664,0.6548659456504828,Driving
20691,Greg Owen,0.0055262838652114414,1.6239698250630023e-4,720,0.005656944444444448,0.6645390951593051,Driving
34130,S.J. Park,0.003487422225939864,6.506059288892779e-5,1134,0.0034735449735449593,0.6654797748225951,Driving
27747,Hiroshi Iwata,0.010724000804647691,6.16378080418503e-4,108,0.013462962962962965,0.6657779223281433,Driving
24956,Mikko Ilonen,-0.007645476842185687,3.310213133165869e-4,252,-0.009757936507936509,0.6743248303143706,Driving
35545,Blayne Barber,-0.0036540619288293126,7.676083945370338e-5,1133,-0.0039355692850838436,0.6766292488542126,Driving
39954,Cody Gribble,-0.009762276770153754,5.486400448300228e-4,126,-0.014468253968253965,0.6768389856307051,Driving
34296,Wes Homan,0.006562546305721891,2.514895242768798e-4,216,0.006912037037037042,0.6790052693934222,Driving
28937,George Coetzee,0.00963672496967147,5.445067794058732e-4,180,0.011577777777777786,0.679622103793899,Driving
46501,Ollie Schniederjans,0.00781770476396667,3.6717020305325617e-4,216,0.008620370370370391,0.6832837533214104,Driving
20160,Charlie Wi,-0.007658008041985168,3.641631911886905e-4,216,-0.01002777777777778,0.6882001919170548,Driving
01381,Fred Funk,-0.01392862190631009,0.0012561483802273417,36,-0.03916666666666667,0.6943227377038503,Driving
06573,Brandt Jobe,-0.010288742241071389,7.435814245552407e-4,144,-0.017833333333333312,0.7059434316484061,Driving
06515,Shaun Micheel,-0.0056743027965686895,2.5172857201636087e-4,144,-0.006951388888888886,0.7206126382482132,Driving
26851,Marc Leishman,0.0029817565721026,7.464414611995348e-5,972,0.0029475308641975294,0.7300016610498413,Driving
02106,Chris Smith,0.005734354263435257,2.9200868549269094e-4,324,0.0060185185185185315,0.7371931060869892,Driving
20771,Steven Alker,0.0030366737086487644,8.202843121569135e-5,900,0.0030011111111111137,0.7374090584170157,Driving
22913,John Rollins,0.004754441734654033,2.0315727338086252e-4,414,0.004840579710144924,0.7387061711661478,Driving
46507,Bobby Wyatt,-0.009793719459573939,8.719860738776484e-4,36,-0.019194444444444434,0.7401461298579133,Driving
25274,Steven Bowditch,0.0024875785160419135,6.665105219171248e-5,1584,0.0024412878787878805,0.760594201653872,Driving
02246,Duffy Waldorf,0.00905768009003694,8.862026599218679e-4,72,0.01266666666666668,0.7609268321988012,Driving
46932,Gunn Yang,0.005243995800339731,3.4018231997685585e-4,234,0.005491452991452991,0.7761656343873549,Driving
27896,Ross Fisher,-0.008143672982843013,8.580845475020608e-4,108,-0.016194444444444445,0.7810072044508489,Driving
33486,Roger Sloan,-0.003462051377418568,1.600945449996099e-4,720,-0.004058333333333328,0.7843779201368913,Driving
47906,Austin Connelly,-0.00778225769091492,8.22685985477595e-4,72,-0.015069444444444444,0.7861416826231833,Driving
20098,Stuart Appleby,-0.004005939543456504,2.3280528823434852e-4,324,-0.004972222222222223,0.79289933095763665,Driving
34099,Harris English,0.0020545836002578,6.674696934972791e-5,1584,0.0019943181818181835,0.8014409685162184,Driving
25345,Carl Pettersson,-0.0019143383377806119,6.10747340201746e-5,1728,-0.002085648148148144,0.8064905777179638,Driving
28092,D.H. Lee,-0.0073175579621901354,9.748842591476318e-4,90,-0.01668888888888891,0.8147029319260379,Driving
24361,Pat Perez,-0.0016098304475928428,4.810747608114837e-5,1494,-0.0017369477911646427,0.816460880156015,Driving
34563,Chesson Hadley,0.0018648214971822134,6.634342685677382e-5,1601,0.0017988757026858137,0.8189087332953648,Driving
27436,Graham DeLaet,0.002475106219014531,1.1992118398725983e-4,972,0.0023888888888888853,0.8211862629433995,Driving
29484,Peter Uihlein,0.005182066497010834,5.565588147246047e-4,108,0.005620370370370365,0.826137349907562,Driving
35300,Andrew Loupe,0.002969555885380179,1.9948591600766895e-4,558,0.002870967741935476,0.8334727919434772,Driving
20472,Alex Cejka,-0.0014984739470108891,5.235807930286357e-5,1422,-0.0016343178621659694,0.8359402363259767,Driving
35314,Andy Sullivan,-0.005023726690030805,6.344520862911746e-4,144,-0.008784722222222216,0.8419134283627143,Driving
20572,Rod Pampling,-0.002974940406558735,2.2943682928501107e-4,288,-0.003802083333333336,0.8442952484136155,Driving
34174,John Huh,0.0012927341433903161,4.470424389478766e-5,1602,0.0012365792759051228,0.8466881248603233,Driving
35451,Scott Pinckney,0.0014939969496923537,6.534996651272481e-5,1332,0.0014174174174174199,0.8533775437179051,Driving
31420,Anirban Lahiri,-0.0032602909995982044,3.28577063256658e-4,360,-0.004561111111111092,0.8572614528659933,Driving
25841,Marc Warren,-0.00281199135300265,2.474661797624185e-4,324,-0.0036913580246913627,0.8581307739789523,Driving
28486,Michael Putnam,-0.0014396625457789491,7.490255596480895e-5,1224,-0.0016339869281045798,0.8678846599389873,Driving
02206,David Toms,-0.0012410436796975275,5.961257661068987e-5,990,-0.0013888888888888944,0.8722998871239342,Driving
24925,Jonathan Byrd,-0.0014812726639274261,9.102893788201093e-5,918,-0.0017211328976034744,0.8766203817692313,Driving
25686,Jason Dufner,-0.0015946400463206659,1.0723529178400688e-4,864,-0.0018854166666666646,0.8776172629522953,Driving
47994,Lee McCoy,-0.0029181622787374717,4.362363417294439e-4,108,-0.004666666666666668,0.8888837806669182,Driving
33120,Mark Anderson,0.0020237558856825454,2.4809554528016714e-4,288,0.0017743055555555546,0.8977660547201896,Driving
28300,Joost Luiten,0.0015729828432629349,1.882305351482664e-4,468,0.0013461538461538294,0.9087215238218753,Driving
25892,Steve Wheatcroft,8.853329032407918e-4,6.041260190018539e-5,1296,7.970679012345777e-4,0.90931309232106206,Driving
20104,Ken Duke,7.566641333908508e-4,5.549042534688992e-5,1404,6.723646723646552e-4,0.9190926703717099,Driving
28475,Jeff Overton,-7.272851275207934e-4,5.4894876516322366e-5,1350,-8.496296296296182e-4,0.9218044815136602,Driving
34087,Carlos Sainz Jr,-9.35202991751241e-4,1.3750720721276416e-4,648,-0.0012685185185185239,0.9364342712621339,Driving
22378,Trevor Immelman,-8.321787167141416e-4,1.2225886851310866e-4,558,-0.001120071684587812,0.9400061638526256,Driving
36685,Cameron Wilson,8.014491509697738e-4,3.6920375094938104e-4,126,1.507936507936509e-4,0.9667296729585841,Driving
